name,class,subclass,tags,durability,strength,range,arrows,defense,defense_upgrade_lvl1,defense_upgrade_lvl2,defense_upgrade_lvl3,defense_upgrade_lvl4,bonus,description,selling_price,bonus_set,upgrade_1,upgrade_2,upgrade_3,upgrade_4,armor_upgrade,where_to_find,notes
Ancient Short Sword,Weapon,Light,,54,40,,,,,,,,,"The blade of this sword was made using an ancient power lost to this modern age. Its blade appears only when drawn, and its cutting power surpasses metal swords.",,,,,,,,,
Blizzard Rod,Weapon,Light,,32,10,,,,,,,,,A magical rod that can cast extreme cold in a wide range. These are crafted from refined ice found at the summit of Hebra Peak. It will break when depleted.,,,,,,,,,
Boko Club,Weapon,Light,,8,4,,,,,,,,,"A crude Bokoblin club made to clobber small prey. It's essentially a stick, so its durability is low.",,,,,,,,,
Bokoblin Arm,Weapon,Light,,5,5,,,,,,,,,"A skeletal arm that keeps moving even after it's severed from its body. It's kind of gross to strap it to your back, but it'll do in a pinch. It's old and fragile, so it's quick to break.",,,,,,,,,
Boomerang,Weapon,Light,,18,8,,,,,,,,,This throwing weapon was originally used by the forest-dwelling Koroks. Its unique shape allows it to return after being thrown.,,,,,,,,,
Demon Carver,Weapon,Light,,25,40,,,,,,,,,This lethal weapon is forged by the Yiga. Its unique shape facilitates the sound dispatching of any target and strikes fear into the hearts of all who see it.,,,,,,,,,
Dragonbone Boko Club,Weapon,Light,,18,24,,,,,,,,,This Bokoblin club has been reinforced with fossilized bones to maximize clobbering potential. Only the brawniest of Bokoblins can manage its immense weight.,,,,,,,,,
Eightfold Blade,Weapon,Light,,26,15,,,,,,,,,A single-edged sword traditional to the Sheikah tribe. Forged using ancient technology it just may be among the sharpest conventional weapons ever made.,,,,,,,,,
Fire Rod,Weapon,Light,,14,5,,,,,,,,,"A magical rod that can cast fireballs. The rod will break if it strikes something directly, so use it wisely.",,,,,,,,,
Fishing Harpoon,Weapon,Light,,12,8,,,,,,,,,A fisherman's tool that excels at catching large fish. Its particularly sharp spearhead makes it valuable as a weapon as well.,,,,,,,,,
Flameblade,Weapon,Light,,36,24,,,,,,,,,This magical sword was forged in the lava of Death Mountain. It leaves white-hot flames in its wake when the blade glows red.,,,,,,,,,
Forest Dweller's Sword,Weapon,Light,,27,22,,,,,,,,,"Koroks made this sword for Hylians. It's made of wood, so it isn't the best choice for head-on attacks. Its original intent was likely clearing vines to forge paths through forests.",,,,,,,,,
Frostblade,Weapon,Light,,30,20,,,,,,,,,"A magical sword forged in the frigid mountains of the Hebra region. When the blade glows blue, enemies struck by it will become frozen.",,,,,,,,,
Gerudo Scimitar,Weapon,Light,,23,16,,,,,,,,,"This common sword is often carried by Gerudo women for self-defense. Its short, curved blade is easily recognized.",,,,,,,,,
Goddess Sword,Weapon,Light,,45,28,,,,,,,,,"A sword said to have once belonged to a hero from the sky. Its blade houses the fire of the Goddess. When wielded, a strange yet heavenly breeze kicks up around you.",,,,,,,,,
Guardian Sword,Weapon,Light,,17,20,,,,,,,,,A sword often wielded by Guardian Scouts. Its blue energy blade is a product of ancient technology. It's not very durable.,,,,,,,,,
Guardian Sword+,Weapon,Light,,26,30,,,,,,,,,"This Guardian sword has enhanced power over the standard model. Its cutting capabilities are improved, and its durability has seen a slight uptick.",,,,,,,,,
Guardian Sword++,Weapon,Light,,32,40,,,,,,,,,"The abilities of this Guardian sword have been boosted to the maximum, as evidenced by its increase in size. It slices through armor like a hot knife through butter!",,,,,,,,,
Ice Rod,Weapon,Light,,14,5,,,,,,,,,A magical rod crafted from refined ice found in the Hebra Mountains. This rod can cast waves of freezing air. Great for magic—not so great for melee.,,,,,,,,,
Knight's Broadsword,Weapon,Light,,27,26,,,,,,,,,Knights of Hyrule once carried this sword. These days it's the weapon of choice for seasoned adventurers thanks to its ease of use and high attack power.,,,,,,,,,
Lightning Rod,Weapon,Light,,14,5,,,,,,,,,A magical rod that can shoot balls of electricity. Its gem contains lightning from the Hyrule Hills. It's not recommended to use as a melee weapon.,,,,,,,,,
Lizal Boomerang,Weapon,Light,,17,14,,,,,,,,,A curved sword favored by the Lizalfos. It can be used to attack directly or can be thrown like a boomerang.,,,,,,,,,
Lizal Forked Boomerang,Weapon,Light,,25,24,,,,,,,,,"Blue Lizalfos in particular like this weapon. It has one more blade than the Lizal boomerang to give it additional cutting power, and it still returns when thrown.",,,,,,,,,
Lizal Tri-Boomerang,Weapon,Light,,27,36,,,,,,,,,"More blades means more attack power! It can be used as a boomerang, but all those blades makes that a bit more dangerous. Carried by Black Lizalfos seasoned in battle.",,,,,,,,,
Lizalfos Arm,Weapon,Light,,8,12,,,,,,,,,"The arm of a Stalizalfos that continues to struggle even in death. It can be used as a weapon, but it's very brittle. You can feel it wiggling when you strap it to your back...",,,,,,,,,
Lynel Sword,Weapon,Light,,26,24,,,,,,,,,"This Lynel-made sword was designed with smashing in mind rather than slicing. It's on the heavy side compared to what Hylians are used to, but it's very strong.",,,,,,,,,
Master Sword,Weapon,Light,,,30,,,,,,,,,The Legendary sword that seals the darkness. Its blade gleams with a sacred luster that can oppose the Calamity. Only a hero chosen by the sword itself may wield it.,,,,,,,,,"The Master Sword does not break, but it does run out of energy. It takes 10 minutes to recharge. The Master Sword has an attack power of 30 which jumps to 60 when Link is fighting Calamity enemies. The weapon throw is replaced by a beam attack usable only when Link has full hearts. "
Meteor Rod,Weapon,Light,,32,10,,,,,,,,,"A magical rod that can cast three fireballs at once, crafted by an ancient magician. It will break upon running out of magical energy, so make it last!",,,,,,,,,
Mighty Lynel Sword,Weapon,Light,,32,36,,,,,,,,,This Lynel-made sword boasts more blades and more attack power. A skilled Lynel can draw this sword simply in passing and still cut a foe in two.,,,,,,,,,
Moonlight Scimitar,Weapon,Light,,32,25,,,,,,,,,Delicate Gerudo carvings decorate this curved sword. The engraved blade is extremely sharp. Apparently it once served ceremonial purposes in festivals.,,,,,,,,,
Royal Broadsword,Weapon,Light,,36,36,,,,,,,,,The Hyrulean royal family would award this sword to knights who achieved remarkable feats. A sword that balances strength and beauty as elegantly as this one is a rare find.,,,,,,,,,
Royal Guard's Sword,Weapon,Light,,14,48,,,,,,,,,"A Sheikah-made replica of the sword that seals the darkness. It was made with ancient technology to oppose the Great Calamity, but its low durability made it inefficient.",,,,,,,,,
Rusty Broadsword,Weapon,Light,,8,6,,,,,,,,,A rusty sword used ages ago by a skilled swordsman. It can do some damage in the right hands but also breaks quickly.,,,,,,,,,
Savage Lynel Sword,Weapon,Light,,41,58,,,,,,,,,"A brutal sword carried by white-haired Lynels. The savage blades are strong enough to cut down any foe, no matter how strong.",,,,,,,,,
Scimitar of the Seven,Weapon,Light,,60,32,,,,,,,,,"A famous sword once beloved by the Gerudo Champion Urbosa. It is said that when Urbosa swung this sword in battle, her movements resembled a beautiful dance.",,,,,,,,,
Sea-Breeze Boomerang,Weapon,Light,,20,20,,,,,,,,,A boomerang said to have been used by a hero who traveled the Great Sea. It smells faintly of salt water.,,,,,,,,,
Soldier's Broadsword,Weapon,Light,,25,14,,,,,,,,,A sword brandished by the soldiers who once protected Hyrule Castle. Its durable blade is well tuned for slaying monsters.,,,,,,,,,
Soup Ladle,Weapon,Light,,5,4,,,,,,,,,"A kitchen implement often used for serving delicious soups. It was carved from the wood of a sturdy tree, so it actually packs quite the wallop.",,,,,,,,,
Spiked Boko Club,Weapon,Light,,14,12,,,,,,,,,A reinforced Bokoblin club made to maximize damage. The sharpened bones jabbed into it make it a brutal weapon.,,,,,,,,,
Spring-Loaded Hammer,Weapon,Light,,80,1,,,,,,,,,"This strange hammer is one of Kilton's specialties. Being struck by it doesn't hurt much, but the fourth swing in a string of attacks will send the victim flying.",,,,,,,,,
Sword,Weapon,Light,,27,22,,,,,,,,,"A sword once wielded by a hero in an ancient age. When grasped, a strange sense of nostalgia washes over you. Take it when going alone would otherwise be dangerous.",,,,,,,,,
Thunderblade,Weapon,Light,,36,22,,,,,,,,,"A magical sword forged and refined by lightning from the Hyrule Hills. When the blade shines with a golden light, it will electrocute enemies struck by it.",,,,,,,,,
Thunderstorm Rod,Weapon,Light,,32,10,,,,,,,,,"A magical rod that can hurl three balls of electricity at once. Its gem contains electricity from the Hyrule Hills, and the rod will break when that electricity runs out.",,,,,,,,,
Torch,Weapon,Light,,8,2,,,,,,,,,"This torch will stay lit once ignited. If you put it away, the flame will be extinguished until you light it again.",,,,,,,,,
Traveler's Sword,Weapon,Light,,20,5,,,,,,,,,"A very common sword often kept by travelers to fend off small beasts. It's fairly durable, but a bit unreliable against monsters.",,,,,,,,,
Tree Branch,Weapon,Light,,4,2,,,,,,,,,"Wooden branches such as this are pretty common, but it's surprisingly well-balanced. It doesn't do much damage but can serve as a weapon in a pinch.",,,,,,,,,
Vicious Sickle,Weapon,Light,,14,16,,,,,,,,,A grim weapon favored by the Yiga. The half-moon shape of the blade allows for the rapid delivery of fatal wounds and serves as a symbol of their terror. Its durability is low.,,,,,,,,,
Zora Sword,Weapon,Light,,27,15,,,,,,,,,The ornamentation that adorns this blade is a traditional Zora design. It's forged from a very durable and rust-proof metal.,,,,,,,,,
Ancient Battle Axe,Weapon,Heavy,,15,30,,,,,,,,,"A weapon used by Guardian Scouts. Its unique blade was forged using ancient technology. Although powerful, its unusual shape causes it to break easily.",,,,,,,,,
Ancient Battle Axe+,Weapon,Heavy,,20,45,,,,,,,,,"This ancient battle axe's damage output has been increased to maximum. It's sharp enough to cut through almost anything, so it may have been used to forge new routes.",,,,,,,,,
Ancient Battle Axe++,Weapon,Heavy,,25,60,,,,,,,,,This ancient battle axe's damage output is scaled up to peak performance. Ancient technology makes it possible to enhance cutting power beyond metal weapons' limits.,,,,,,,,,
Ancient Bladesaw,Weapon,Heavy,,50,55,,,,,,,,,This two-handed sword was forged using ancient Sheikah technology. Its unique rotating blades give it impressive cutting power that will slice enemies to shreds.,,,,,,,,,
Biggoron's Sword,Weapon,Heavy,,60,50,,,,,,,,,A legendary greatsword forged by a Goron craftsman for a hero who traveled through time. The exceptionally sharp cutting edge is a testament to the craftsman's mastery.,,,,,,,,,
Boat Oar,Weapon,Heavy,,8,14,,,,,,,,,"Made for paddling boats, but it was made sturdy enough to fight strong currents. Maybe it's useful for self-defense in a pinch.",,,,,,,,,
Boko Bat,Weapon,Heavy,,12,6,,,,,,,,,"A clunky club made by a Bokoblin. If you swing it at an enemy's shield, it may be able to knock the shield out of your foe's hand.",,,,,,,,,
Boulder Breaker,Weapon,Heavy,mining,60,60,,,,,,,,,"This two-handed weapon was once wielded by the Goron Champion Daruk. Daruk made swinging it around look easy, but a Hylian would need an immense amount of strength.",,,,,,,,,
Cobble Crusher,Weapon,Heavy,mining,30,15,,,,,,,,,"A Goron-made two-handed weapon. It's made from thick, hard metal and has no cutting edge, so it relies on its sheer weight to crush all opponents.",,,,,,,,,
Double Axe,Weapon,Heavy,,52,18,,,,,,,,,"This double-sided axe was designed with fighting in mind. It's a bit unwieldy, so it requires a well-practiced technique to use efficiently.",,,,,,,,,
Dragonbone Boko Bat,Weapon,Heavy,,16,36,,,,,,,,,"Used by only the toughest Bokoblin warriors, this Boko bat has been fortified by fossilized bone. It boasts a high durability and is strong enough to beat down powerful foes.",,,,,,,,,
Dragonbone Moblin Club,Weapon,Heavy,,24,45,,,,,,,,,"The bone of an ancient beast has been affixed to this Moblin club, further increasing its damage. Moblins carrying these in battle are particularly dangerous.",,,,,,,,,
Drillshaft,Weapon,Heavy,mining,50,14,,,,,,,,,"Goron artisans used recycled metal to forge this weapon. The tip is made from an old excavation bore, which affords it unmatched piercing capabilities.",,,,,,,,,
Edge of Duality,Weapon,Heavy,,35,50,,,,,,,,,A curious double-edged sword crafted using Sheikah technology. It was originally made for Hyrulean knights unfamiliar with single-edged blades.,,,,,,,,,
Eightfold Longblade,Weapon,Heavy,,25,32,,,,,,,,,A single-edged sword seldom seen in Hyrule. This weapon is passed down through the Sheikah tribe and has an astonishingly sharp edge ideal for slicing.,,,,,,,,,
Farming Hoe,Weapon,Heavy,,6,16,,,,,,,,,"A farming tool primarily used for tilling fields. Its fine craftsmanship is sturdy enough to withstand backbreaking fieldwork, but its battle applications are untested.",,,,,,,,,
Feathered Edge,Weapon,Heavy,,27,15,,,,,,,,,"Rito craftsmen forged this lightweight, double-edge sword so Rito warriors could soar into battle unhindered by its weight.",,,,,,,,,
Fierce Deity Sword,Weapon,Heavy,,35,60,,,,,,,,,A peculiar greatsword allegedly used by a hero from a world in which the moon threatened to fall. It slashes wildly in battle as if possessed by a fierce deity.,,,,,,,,,
Giant Boomerang,Weapon,Heavy,,40,25,,,,,,,,,"This massive boomerang requires two hands. Originally used for hunting, it was modified for use as a weapon. The blades on the inner curves make it a bit tricky to wield.",,,,,,,,,
Golden Claymore,Weapon,Heavy,,30,28,,,,,,,,,Only the most talented Gerudo sword fighters carry this two-handed sword. It's actually much lighter than it appears and is surprisingly easy to wield.,,,,,,,,,
Great Flameblade,Weapon,Heavy,,50,34,,,,,,,,,This magic-infused greatsword was forged in the fires of Death Mountain by Goron smiths in an ancient age. Attack when the blade glows red to expel flames.,,,,,,,,,
Great Frostblade,Weapon,Heavy,,40,30,,,,,,,,,This magic-infused greatsword was forged by smelting ore found in the Hebra Mountains' permafrost. Attack when the blade glows blue to expel freezing air.,,,,,,,,,
Great Thunderblade,Weapon,Heavy,,50,32,,,,,,,,,This magic-infused greatsword was forged by the Hyrulean royal family using lightning from the Hyrule Hills. Attack when the blade glows golden to expel lightning.,,,,,,,,,
Iron Sledgehammer,Weapon,Heavy,mining,40,12,,,,,,,,,"This large iron sledgehammer was originally used for mining, but it works reasonably well as a weapon too.",,,,,,,,,
Knight's Claymore,Weapon,Heavy,,30,38,,,,,,,,,Only the most confident of Hyrule Castle's knights carried this two-handed sword. Its cutting edge is finely honed.,,,,,,,,,
Korok Leaf,Weapon,Heavy,,25,1,,,,,,,,,"A single swing of this giant, sturdy leaf can create a gust of wind strong enough to blow away light objects.",,,,,,,,,
Lynel Crusher,Weapon,Heavy,,20,36,,,,,,,,,"This two-handed weapon is favored by the Lynels. It may be more accurate to call it a lump of metal than a weapon, but if wielded by a Lynel, it can pound you into a fine dust.",,,,,,,,,
Mighty Lynel Crusher,Weapon,Heavy,,25,54,,,,,,,,,"This Lynel-made two-handed weapon has been reinforced to increase its durability and striking power. Its overwhelming heft will crush your foe, shield and all.",,,,,,,,,
Mighty Lynel Spear,Weapon,Heavy,,35,20,,,,,,,,,"The weight and cutting edge of this Lynel-made spear have both been enhanced. It's immensely heavy for a Hylian, but a Lynel can cleave through rock with a single swing.",,,,,,,,,
Moblin Arm,Weapon,Heavy,,5,15,,,,,,,,,A Moblin bone that continues to move even after being detached from its body. The bone is thick enough to be used as a weapon but is extremely brittle and easily broken.,,,,,,,,,
Moblin Club,Weapon,Heavy,,12,9,,,,,,,,,"A crudely fashioned club favored by Moblins. It's carved from a sturdy tree but is sloppily made, so it breaks easily.",,,,,,,,,
Royal Claymore,Weapon,Heavy,,40,52,,,,,,,,,A two-handed sword issued to the Hyrulean royal family's immediate guard detail. Its powerful strikes are said to crush an opponent's body and resolve alike.,,,,,,,,,
Royal Guard's Claymore,Weapon,Heavy,,15,72,,,,,,,,,"The Sheikah used the very essence of ancient technology to forge this greatsword. It was designed to oppose the Calamity, but its low durability made it impractical in battle.",,,,,,,,,
Rusty Claymore,Weapon,Heavy,,10,12,,,,,,,,,"A two-handed sword not properly cared for. Although it can be used as a weapon, its durability is very low. Don't expect it to last for more than a few strikes.",,,,,,,,,
Savage Lynel Crusher,Weapon,Heavy,,35,78,,,,,,,,,This Lynel-made two-handed weapon is immensely heavy thanks to a rare metal from Death Mountain's peak. The power of its downward swing is in a class all its own.,,,,,,,,,
Silver Longsword,Weapon,Heavy,,30,22,,,,,,,,,"Although the Zora prefer spears to swords, they made this two-handed weapon using a special metal. It found popularity among Hylians for its unique design.",,,,,,,,,
Soldier's Claymore,Weapon,Heavy,,25,20,,,,,,,,,A two-handed sword designed for combat. It's heavy and hard to use but has decent build quality and durability.,,,,,,,,,
Spiked Boko Bat,Weapon,Heavy,,12,18,,,,,,,,,"After much consideration by Bokoblins on how to improve the Boko bat, they simply attached sharp spikes to it. A skilled fighter can cause immense damage with this.",,,,,,,,,
Spiked Moblin Club,Weapon,Heavy,,18,27,,,,,,,,,Animal bone has been affixed to this Moblin club to greatly improve its damage.,,,,,,,,,
Stone Smasher,Weapon,Heavy,mining,40,42,,,,,,,,,"A two-handed weapon forged from a rare metal mined in Goron City. Its center of gravity is at its tip, so it uses centrifugal force and its sheer weight to smash opponents flat.",,,,,,,,,
Sword of the Six Sages,Weapon,Heavy,,50,48,,,,,,,,,The Six Sages are said to have forged this longsword to seal a demon king in the world where the hero fought against the beasts of twilight. The blade shines with a holy luster.,,,,,,,,,
Traveler's Claymore,Weapon,Heavy,,20,10,,,,,,,,,A basic two-handed sword often wielded by aspiring adventurers. Its immense weight can knock enemies' shields right out of their hands.,,,,,,,,,
Windcleaver,Weapon,Heavy,,25,40,,,,,,,,,"This sword is favored by high-ranking members of the Yiga. When wielded by a proficient fighter, its unique shape cleaves the very wind and creates a vacuum.",,,,,,,,,
Woodcutter's Axe,Weapon,Heavy,,47,3,,,,,,,,,"A woodcutter's tool of choice for felling trees. Its formidable weight and uneven balancing make it a slow, inefficient weapon.",,,,,,,,,
Ancient Spear,Weapon,Pole-arm,,50,30,,,,,,,,,This spear is the result of countless hours of research into the ancient technology used by Guardians. The glowing spearhead has high piercing potential.,,,,,,,,,
Boko Spear,Weapon,Pole-arm,,12,2,,,,,,,,,"A spear recklessly carved from a tree branch. Useful for skewering fish and meat, which can then be cooked over a flame. If it's close to breaking, consider throwing it.",,,,,,,,,
Ceremonial Trident,Weapon,Pole-arm,,40,14,,,,,,,,,"A spear modeled after the Lightscale Trident wielded by the Zora Champion Mipha. They may be identical in appearance, but this spear's strength and durability are inferior.",,,,,,,,,
Dragonbone Boko Spear,Weapon,Pole-arm,,20,12,,,,,,,,,This Boko spear has been strengthened with fossilized bones. The bones are positioned outward so the fangs bite at the opponent. Beware Bokoblins carrying this weapon.,,,,,,,,,
Dragonbone Moblin Spear,Weapon,Pole-arm,,25,15,,,,,,,,,"This spear is a fan favorite among Moblins. The spearhead is made from fossilized bones adorned with spikes, which greatly increases its stabbing power.",,,,,,,,,
Enhanced Lizal Spear,Weapon,Pole-arm,,22,12,,,,,,,,,"Judging by the harpoon-like spearhead of this Lizalfos-made spear, the Lizalfos use it for fishing as well as combat. Try not to get caught on the wrong end of its barbs.",,,,,,,,,
Farmer's Pitchfork,Weapon,Pole-arm,,12,2,,,,,,,,,A farming tool used to collect hay efficiently. It's light enough to be used by anyone. The four prongs are very sharp.,,,,,,,,,
Feathered Spear,Weapon,Pole-arm,,35,10,,,,,,,,,"Its lightweight design is a hallmark of Rito craftsmanship. It's made from light and sturdy materials, which afford Rito warriors ease of use during aerial combat.",,,,,,,,,
Flamespear,Weapon,Pole-arm,,50,24,,,,,,,,,A magical spear forged in the magma of Death Mountain. Attack when the blade glows to expel powerful flames.,,,,,,,,,
Forest Dweller's Spear,Weapon,Pole-arm,,35,11,,,,,,,,,"The Koroks made this spear for Hylians. The shaft is made from a light, sturdy wood, offering ease of use. The spearhead is made from a much harder wood, offering strength.",,,,,,,,,
Forked Lizal Spear,Weapon,Pole-arm,,28,18,,,,,,,,,"Skilled Lizalfos warriors tend to favor this spear. What it lacks in piercing power, it makes up for with the brutal wounds its dual ripping blades will inflict.",,,,,,,,,
Frostspear,Weapon,Pole-arm,,40,20,,,,,,,,,A magical spear forged from ancient ice taken from the Hebra Mountains. Attack when the blade glows blue to chill the air and freeze your foe.,,,,,,,,,
Gerudo Spear,Weapon,Pole-arm,,35,16,,,,,,,,,"This spear's center of gravity is in its tip, making it a bit unwieldy for the average fighter. But in the hands of a skilled Gerudo warrior, it's a weapon of reliable strength.",,,,,,,,,
Guardian Spear,Weapon,Pole-arm,,20,10,,,,,,,,,"Wielded by Guardian Scouts, this spear has a high piercing power and is a testament to the Sheikah's high level of technology. the spearhead appears only when brandished.",,,,,,,,,
Guardian Spear+,Weapon,Pole-arm,,25,15,,,,,,,,,"The tip of this Guardian spear has been enlarged and strengthened. It's a bit shorter than your average spear, perhaps to facilitate use in tight spaces.",,,,,,,,,
Guardian Spear++,Weapon,Pole-arm,,35,20,,,,,,,,,"This Guardian spear's output has been boosted to the maximum. The spearhead is designed for optimal stabbing, capable of easily piercing most armor.",,,,,,,,,
Knight's Halberd,Weapon,Pole-arm,,40,13,,,,,,,,,A spear used by knights adept in mounted combat. The spearhead is modeled after an axe.,,,,,,,,,
Lightscale Trident,Weapon,Pole-arm,,70,22,,,,,,,,,"A spear of peerless grace cherished by the Zora Champion Mipha. Although Mipha specialized in healing abilities, her spearmanship was in a class all its own.",,,,,,,,,
Lizal Spear,Weapon,Pole-arm,,18,7,,,,,,,,,"Judging by the harpoon-like spearhead of this Lizalfos-made spear, the Lizalfos use it for fishing as well as combat. Try not to get caught on the wrong end of its barbs.",,,,,,,,,
Lynel Spear,Weapon,Pole-arm,,25,14,,,,,,,,,"The crescent-shaped spearhead of this Lynel-made weapon gives it poor balance, making it difficult to wield. Lynels, however, can swing it effectively with a single hand.",,,,,,,,,
Moblin Spear,Weapon,Pole-arm,,15,4,,,,,,,,,"This wooden spear is most often used by Moblins. It's made from a hastily whittled tree, so its stabbing power and durability are both pretty low.",,,,,,,,,
Royal Guard's Spear,Weapon,Pole-arm,,15,32,,,,,,,,,"This Sheikah-made spear was created using ancient technology to combat the Calamity. Its attack power is very high, but a critical design flaw left it with poor durability.",,,,,,,,,
Royal Halberd,Weapon,Pole-arm,,50,26,,,,,,,,,This spear was issued to the knights who guarded Hyrule Castle's throne room. Its ornate design was applied by a craftsman in service to the royal family.,,,,,,,,,
Rusty Halberd,Weapon,Pole-arm,,15,5,,,,,,,,,"A rusty polearm likely used by knights from an age past. The spearhead is in bad shape due to prolonged exposure to the elements, so its durability is low.",,,,,,,,,
Savage Lynel Spear,Weapon,Pole-arm,,45,30,,,,,,,,,White-haired Lynels favor this brutal spear. Its axe-like spearhead and exceptional weight give it absolute destructive power.,,,,,,,,,
Serpentine Spear,Weapon,Pole-arm,,35,12,,,,,,,,,The spearhead of this weapon is uniquely Sheikah in design. Spear masters of the Sheikah tribe can use the crescent shape to snag their opponents and deliver brutal cuts.,,,,,,,,,
Silverscale Spear,Weapon,Pole-arm,,40,12,,,,,,,,,The most skilled Zora fighters wield this spear. Its beautiful fish-tail design belies its impressive strength; the spearhead can pierce even the toughest scales.,,,,,,,,,
Soldier's Spear,Weapon,Pole-arm,,35,7,,,,,,,,,A long spear once used by the guards of Hyrule Castle. Easy to use but difficult to master. The iron tip is very sturdy and the shaft will not burn when exposed to flame.,,,,,,,,,
Spiked Boko Spear,Weapon,Pole-arm,,15,6,,,,,,,,,"A Boko spear enhanced with sharpened animal bones. It's light, easy to use, and deals a decent amount of damage.",,,,,,,,,
Spiked Moblin Spear,Weapon,Pole-arm,,20,9,,,,,,,,,"This Moblin-made spear uses a horned animal bone as the spearhead. Like many Moblin weapons it's sloppily made, but this one packs some respectable piercing power.",,,,,,,,,
Throwing Spear,Weapon,Pole-arm,,20,6,,,,,,,,,"A specialized spear weighted to excel as a throwing weapon. It's perfectly balanced to be thrown farther than your average spear, able to pierce targets from a great distance.",,,,,,,,,
Thunderspear,Weapon,Pole-arm,,50,22,,,,,,,,,A magical spear that contains thunder from Thundra Plateau in its tip. Attack when the blade glows with a golden light to unleash an electrical attack.,,,,,,,,,
Traveler's Spear,Weapon,Pole-arm,,30,3,,,,,,,,,A spear used mainly by travelers to fend off wolves and other beasts. It's easy to hold and simple to use.,,,,,,,,,
Wooden Mop,Weapon,Pole-arm,,8,5,,,,,,,,,"Just a mop to the untrained eye, it excels at tidying up the place. But it owes its sturdy construction to a true craftsman, so it actually has some combat merit.",,,,,,,,,
Zora Spear,Weapon,Pole-arm,,40,9,,,,,,,,,This spear is a Zora's weapon of choice. It's lighter than it looks due to being made from a special metal and is used by the Zora for both fishing and protecting their domain.,,,,,,,,,
Ancient Shield,Shield,,,32,70,,,,,,,,,This shield was made using ancient Sheikah technology. Its surface glows blue when raised in defense. Enhanced functionality allows it to deflect Guardian beams.,,,,,,,,,
Boko Shield,Shield,,,5,3,,,,,,,,,"A Bokoblin-made shield created by attaching a handhold to any flat tree bark picked up off the ground. It's pretty shoddy, so don't expect it to last very long.",,,,,,,,,
Daybreaker,Shield,,,60,48,,,,,,,,,This shield was cherished by the Gerudo Champion Urbosa. The gold used to make it was handpicked to ensure a design that is both lightweight and very durable.,,,,,,,,,
Dragonbone Boko Shield,Shield,,,8,25,,,,,,,,,"This Boko shield is reinforced with fossilized bone. Its defensive capabilities are respectable, but its predictably slipshod craftsmanship spells low disability.",,,,,,,,,
Emblazoned Shield,Shield,,,12,3,,,,,,,,,"This shield features a traditional design from Necluda. Its combat capabilities aren't much better than the standard wooden shield, but it found popularity for its design.",,,,,,,,,
Fisherman's Shield,Shield,,,10,3,,,,,,,,,"Often carried by fishermen for its fish design, which represents hope for a great catch. Its light wooden structure makes it convenient to take on a boat.",,,,,,,,,
Forest Dweller's Shield,Shield,,,18,30,,,,,,,,,"The Koroks made this shield specifically for Hylians. It's made from the finest hard wood of trees that grow only in the Korok forest, so it's sturdier than it looks.",,,,,,,,,
Gerudo Shield,Shield,,,20,20,,,,,,,,,The design of this metal shield has changed over time to match the Gerudo's sword-and-shield fighting style. It's favored by soldiers and travelers alike.,,,,,,,,,
Guardian Shield,Shield,,,10,18,,,,,,,,,A shield made with ancient Sheikah technology. It can deflect a Guardian Scout's beam.,,,,,,,,,
Guardian Shield+,Shield,,,13,30,,,,,,,,,The larger version of a Guardian shield has had its output level boosted. Its defensive capabilities are comparable to those of a metal shield's.,,,,,,,,,
Guardian Shield++,Shield,,,20,42,,,,,,,,,"The output level of this shield has been boosted to maximum. Its combat capabilities surpass those of metallic shields, and it can deflect Guardian Scout beams.",,,,,,,,,
Hero's Shield,Shield,,,90,65,,,,,,,,,"A shield said to have been the favorite of a hero who traveled the open seas. It was apparently a family heirloom, passed down through many generations.",,,,,,,,,
Hunter's Shield,Shield,,,10,3,,,,,,,,,"Favored by hunters for its rabbit design, which is said to bring luck on hunts. It's easy to use, but its durability leaves something to be desired.",,,,,,,,,
Hylian Shield,Shield,,,800,90,,,,,,,,,"A shield passed down through the Hyrulean royal family, along with the legend of the hero who wielded it. Its defensive capabilities and durability outshine all other shields.",,,,,,,,,
Kite Shield,Shield,,,16,14,,,,,,,,,Rito warriors cherish this shield. Its unique shape is designed with mid-battle flight in mind to facilitate aerial combat.,,,,,,,,,
Knight's Shield,Shield,,,23,40,,,,,,,,,"A shield favored by the knights who served the Hyrulean royal family. Its sturdy metal construction makes it quite durable, but its weight requires decent skill to wield.",,,,,,,,,
Lizal Shield,Shield,,,8,15,,,,,,,,,"A common shield found among the Lizalfos. It's made of metal, but its sloppy craftsmanship offers poor durability.",,,,,,,,,
Lynel Shield,Shield,,,12,30,,,,,,,,,"A sturdy shield favored by Lynels for its defensive and offensive capabilities. First and foremost a shield, but the banded edges can deal slashing attacks when deflecting.",,,,,,,,,
Mighty Lynel Shield,Shield,,,15,44,,,,,,,,,"This Lynel-made shield has been reinforced with armor and even more blades. Stronger in both defense and offense, it can tear through basic armor when deflecting.",,,,,,,,,
Pot Lid,Shield,,,10,1,,,,,,,,,The lid of a large soup pot. It smells vaguely of chicken broth... Yum! It can take quite a beating before breaking.,,,,,,,,,
Radiant Shield,Shield,,,26,35,,,,,,,,,This extravagant shield is presented to Gerudo warriors who rise up to the rank of captain. Its apparent opulence is rivaled only by its combat capabilities.,,,,,,,,,
Reinforced Lizal Shield,Shield,,,12,22,,,,,,,,,"This Lizal shield has been strengthened by adding a different type of metal to the mix. The edge is lined with spikes, so handle with care.",,,,,,,,,
Royal Guard's Shield,Shield,,,14,70,,,,,,,,,"This shield was forged using ancient Sheikah technology. It boasts extremely high stopping power, but its structural weakness made its low durability impractical for combat.",,,,,,,,,
Royal Shield,Shield,,,29,55,,,,,,,,,"A shield issued to the Hyrulean royal family's immediate guard detail. It boasts a high defense, but these days it's more a collector's item due to its ornamentation.",,,,,,,,,
Rusty Shield,Shield,,,16,3,,,,,,,,,"It's likely this rusty old shield once belonged to a knight. It still has some defensive capabilities, but its usefulness has been worn down by time.",,,,,,,,,
Savage Lynel Shield,Shield,,,20,62,,,,,,,,,This ultimate Lynel shield is used only by the white-haired Lynels. It excels at defending against even the most brutal of attacks and cutting down powerful fores when deflecting.,,,,,,,,,
Shield of the Mind's Eye,Shield,,,16,16,,,,,,,,,A small Sheikah-made shield. Its design is intended to decrease blind spots without sacrificing too much defense.,,,,,,,,,
Silver Shield,Shield,,,20,18,,,,,,,,,A Zora-made shield adorned with intricate ornamentation. It's said that true masters of this shield can redirect attacks as a rock redirects running water.,,,,,,,,,
Soldier's Shield,Shield,,,16,16,,,,,,,,,"A shield once used by the guards of Hyrule Castle. It's easy to handle, but its core is made of wood, so it can catch fire.",,,,,,,,,
Spiked Boko Shield,Shield,,,7,10,,,,,,,,,A Boko shield made of slightly stronger wood. It's been reinforced with animal bones.,,,,,,,,,
Steel Lizal Shield,Shield,,,15,35,,,,,,,,,"This Lizal shield is adorned with several metal shells as a means of reinforcement. Its defensive capabilities are high, but its weight requires a skilled soldier to bear.",,,,,,,,,
Traveler's Shield,Shield,,,12,4,,,,,,,,,A sturdy shield loved by many an adventurer. It is made of animal hide and sturdy wood and is best suited to defending against weak monsters or animals.,,,,,,,,,
Wooden Shield,Shield,,,12,2,,,,,,,,,"This lightweight, simple shield is ideal for less-experienced fighters. It can withstand light attacks, but blocking stronger blows is not recommended.",,,,,,,,,
Ancient Bow,Bow,,,120,44,1,50,,,,,,,"This bow is the result of Robbie's research. Ancient Sheikah technology allows it heightened functionality, Arrows fired from it travel in a perfectly straight line.",,,,,,,,,
Boko Bow,Bow,,,16,4,1,20,,,,,,,"A basic Bokoblin bow made of wood. It's made by taking any tree branch and tying a string to either end, so don't expect much in the way of combat effectiveness.",,,,,,,,,
Bow of Light,Bow,,,100,100,1,500,,,,,,,"Princess Zelda gave you this bow and arrow for the battle with Dark beast Ganon. When wielded by the hero, it fires arrows of pure light strong enough to oppose the Calamity.",,,,,,,,,
Dragon Bone Boko Bow,Bow,,,30,24,1,20,,,,,,,"A Boko bow reinforced by fossils. Bokoblins handpicked the materials it's made from, so it boasts a respectable firepower.",,,,,,,,,
Duplex Bow,Bow,,,18,14,2,40,,,,,,,A bow favored by the skilled archers of the Yiga Clan. It's been engineered to fire two arrows at once to ensure your target comes to a swift and none-too-pleasant halt.,,,,,,,,,
Falcon Bow,Bow,,,50,20,1,40,,,,,,,"A highly refined Rito-made bow created by a master Rito craftsman. Rito warriors favor it for its superior rate of fire, which helps them excel even further at aerial combat.",,,,,,,,,
Forest Dweller's Bow,Bow,,,35,15,3,20,,,,,,,"The Koroks made this bow for Hylians. It's crafted from flexible wood and uses sturdy vines for the bowstring. Its construction may be simple, but it fires multiple arrows at once.",,,,,,,,,
Golden Bow,Bow,,,60,14,1,40,,,,,,,"This Gerudo-made bow is popular for the fine ornamentations along its limbs. Designed for hunting and warfare alike, this bow was engineered to strike distant targets.",,,,,,,,,
Great Eagle Bow,Bow,,,60,28,3,40,,,,,,,"A bow without equal wielded by the Rito Champion, Revali. it's said Revali could loose arrows with the speed of a gale, making him supreme in aerial combat.",,,,,,,,,
Knight's Bow,Bow,,,48,26,1,20,,,,,,,"The sturdy metal construction of this bow offers superior durability, while its lack of firing quirks makes it quite reliable. Once favored by the knights at Hyrule Castle.",,,,,,,,,
Lizal Bow,Bow,,,25,14,1,20,,,,,,,A wooden bow created by Lizalfos. It's reinforced by the bones of a large fish - a marked improvement over any standard wooden bow.,,,,,,,,,
Lynel Bow,Bow,,,30,10,3,20,,,,,,,A Lynel-made bow crafted from rough metal. True to the vicious nature of Lynel weaponry. It fires a spread of multiple arrows at once. Ideal for taking down quick-moving targets.,,,,,,,,,
Mighty Lynel Bow,Bow,,,35,20,3,20,,,,,,,"This massive Lynel bow sports a bowstring made from a metal so tough, mere Hylians have trouble drawing it back.",,,,,,,,,
Phrenic Bow,Bow,,,45,10,1,40,,,,,,,A bow passed down through the Sheikah tribe. Concentrating before drawing the string will allow you to target distant enemies as easily as those nearby.,,,,,,,,,
Reinforced Lizal Bow,Bow,,,35,25,1,20,,,,,,,"A Lizal bow with a grip reinforced by metal. The body is made from the branches of a flexible tree that grows near water, which offers some serious destructive power.",,,,,,,,,
Royal Bow,Bow,,,60,38,1,20,,,,,,,"In the past, the king of Hyrule presented this bow to only the most talented archers in the land. Its combat capabilities are as impressive as its extravagant design.",,,,,,,,,
Royal Guard's Bow,Bow,,,20,50,1,30,,,,,,,"This prototype Sheikah-made bow was designed to fight the Great Calamity. made with anient technology, it boasts a high rate of fire and firepower but has low durability.",,,,,,,,,
Savage Lynel Bow,Bow,,,45,32,3,20,,,,,,,This Lynel bow is made from a special steel found at the peak of Death Mountain. It has tremendous stopping power and can pierce thick armor as easily as thin paper.,,,,,,,,,
Silver Bow,Bow,,,40,15,1,20,,,,,,,"A bow favored by the Zora for fishing. It doesn't boast the highest firepower, but the special metal it's crafted from prioritizes durability.",,,,,,,,,
Soldier's Bow,Bow,,,36,14,1,20,,,,,,,"A bow designed for armed conflict. Inflicts more damage than a civilian bow, but it will still burn if it touches fire.",,,,,,,,,
Spiked Boko Bow,Bow,,,20,12,1,20,,,,,,,"An upgraded Boko Bow bound with animal bone to boost its durability and firepower. Its craftsmanship is sloppy, but it's light and easy to use.",,,,,,,,,
Steel Lizal Bow,Bow,,,50,36,1,20,,,,,,,This bow is wielded by lizalfos who are expert marksmen. The metal that reinforces much of the weapon adds some additional weight but offers heightened durability.,,,,,,,,,
Swallow Bow,Bow,,,30,9,1,40,,,,,,,"This bow is a favorite among Rito warriors. The bowstring has been specially engineered for aerial combat, which allows it to be drawn faster than a normal bow.",,,,,,,,,
Traveler's Bow,Bow,,,22,5,1,20,,,,,,,"A small bow used by travelers for protection. It doesn't do a lot of damage, but it can be used to attack foes from a distance.",,,,,,,,,
Twilight Bow,Bow,,,100,30,1,8000,,,,,,,"A bow used by the princess who fought the beasts of twilight alongside the hero. It's said to contain the spirits of light's power. It fires arrows straight and true, as if beams of light.",,,,,,,,,
Wooden Bow,Bow,,,20,4,1,20,,,,,,,"This wooden bow may not be the most reliable for battling monsters, but it is excellent for hunting small animals.",,,,,,,,,
Arrow,Bow,Arrow,,,,,,,,,,,,,,,,,,,,,
Ancient Arrow,Bow,Arrow,,,,,,,,,,,,,,,,,,,,,
Fire Arrow,Bow,Arrow,,,,,,,,,,,,,,,,,,,,,
Shock Arrow,Bow,Arrow,,,,,,,,,,,,,,,,,,,,,
Light Arrow,Bow,Arrow,,,,,,,,,,,,,,,,,,,,,
Bomb Arrow,Bow,Arrow,,,,,,,,,,,,,,,,,,,,,
Silver Arrow,Bow,Arrow,,,,,,,,,,,,,,,,,,,,,
Ancient Cuirass,Armor,Body,,,,,,4,7,12,18,28,Guardian Resist,This armor was created by ancient Sheikah technology using Guardian parts. Equipping it will reduce the damage you take from ancient weaponry.,125,Ancient Proficiency,"Ancient Screw x5, Ancient Spring x5","Ancient Spring x15, Ancient Gear x10","Ancient Shaft x15, Ancient Core x5","Star Fragment x1, Giant Ancient Core x2","Ancient Screw,Ancient Spring",Akkala Ancient Tech Lab,
Barbarian Armor,Armor,Body,,,,,,3,4,8,12,20,Attack,Armor once favored by an ancient warlike tribe from the Faron region. The war paint bolsters your fighting spirit and raises your attack power.,600,Charge Attack Stamina,Lynel Horn x1,"Lynel Horn x3, Lynel Hoof x2","Lynel Hoof x4, Lynel Guts x1","Lynel Guts x2, Shard of Dinraal's Horn x1","Lynel Horn,Lynel Guts,Lynel Hoof,Shard of Dinraal's Horn",Shrine - Dila Maag,
Champion's Tunic,Armor,Body,,,,,,5,8,14,22,32,See Enemy HP,"In ancient Hyrule, this garment could only be worn by one who had earned the respect of the royal family. Equipping it will reveal an enemy's life gauge.",,,Silent Princess x3,"Silent Princess x3, Shard of Farosh's Horn x2","Silent Princess x3, Shard of Naydra's Horn x2","Silent Princess x10, Shard of Dinraal's Horn x2","Silent Princess,Shard of Farosh's Horn,Shard of Naydra's Horn,Shard of Dinraal's Horn",Impa/Kakariko Village,
Climbing Gear,Armor,Body,,,,,,3,5,8,12,20,Climb Speed,The ancient technology in this gear will make you a better climber. The special no-slip gloves help you use your energy more efficiently to facilitate nimble climbing.,600,Climb Stamina,"Keese Wing x3, Rushroom x3","Electric Keese Wing x5, Hightail Lizard x5","Ice Keese Wing x5, Hot-Footed Frog x10","Fire Keese Wing x5, Swift Violet x15","Keese Wing,Rushroom,Electric Keese Wing,Hightail Lizard,Ice Keese Wing,Hot-Footed Frog,Fire Keese Wing,Swift Violet",Shrine - Chaas Qeta,
Dark Tunic,Armor,Body,,,,,,3,,,,,,Kilton developed this jet-black armor as a result of his monster research. A spurious replica of the green outfit once worn by a legendary hero.,9,Night Speed,,,,,,Kilton's Shop,
Desert Voe Spaulder,Armor,Body,,,,,,3,5,8,12,20,Heat Resist,"Armor for males sold rarely by Gerudo retailers. It contains sapphire, which harnesses the power of ice to make hot climates more tolerable.",325,Shock Resist,White Chuchu Jelly x3,"White Chuchu Jelly x5, Ice keese Wing x3","Ice Keese Wing x8, Icy Lizalfos Tail x3 ","Icy Lizalfos Tail x10, Sapphire x5","White Chuchu Jelly,Ice Keese Wing,Lizalfos Tail,Sapphire",GSC or Tarrey Town,
Fierce Deity Armor,Armor,Body,,,,,,3,5,8,12,20,Attack,"Legend has it this armor once belonged to the hero of a world in which the moon threatened to fall. When you wear it, you feel a fierce, godlike power flow through you.",125,Charge Attack Stamina,"Hinox Toenail x5, Naydra's Scale x1","Hinox Tooth x5, Naydra's Claw x1","Hinox Guts x5, Shard of Naydra's Fang x1","Lynel Guts x5, Shard of Naydra's Horn x1","Hinox Toenail,Naydra's Scale,Hinox Tooth,Naydra's Claw,Hinox Guts,Shard of Naydra's Fang,Lynel Guts,Shard of Naydra's Horn",Amiibo -,
Flamebreaker Armor,Armor,Body,,,,,,3,5,8,12,20,Flame Guard,Armor crafted by Gorons for Hylians curious enough to visit Goron City. It's made from fire-resistant rocks to protect the wearer.,150,Fireproof,"Fireproof Lizard x1, Moblin Horn x2","Fireproof Lizard x3, Moblin Fang x4","Smotherwing Butterfly x3, Moblin Guts x3","Smotherwing Butterfly x5, Hinox Guts x2","Fireproof Lizard,Moblin Horn,Moblin Fang,Smotherwing Butterfly,Moblin Guts,Hinox Guts",Goron City,
Gerudo Top,Armor,Body,,,,,,1,,,,,Gerudo Town Entry,"Standard Gerudo garb popular for its open, breathable design and for the traditional Gerudo markings that adorn it.",45,Heat Resist,,,,,,Tranny in Desert Oasis,
Hylian Tunic,Armor,Body,,,,,,3,5,8,12,20,,"A common garb that achieved widespread popularity in Hyrule, particularly among travelers. Its light-yet-sturdy fabric doesn't limit movement.",30,,Bokoblin Horn x5,"Bokoblin Horn x8, Bokoblin Fang x5","Bokoblin Fang x10, Bokoblin Guts x5","Bokoblin Guts x15, Amber x15","Bokoblin Horn,Bokoblin Fang,Bokoblin Guts,Amber",Hateno Village,
Nintendo Switch Shirt,Armor,Body,,,,,,1,,,,,,"Expansion Pass Bonus A shirt with the Nintendo Switch logo on it. It's a rare article, if you sell it, you can't get it back, so wear it with pride!",,,,,,,,,
Old Shirt,Armor,Body,,,,,,1,,,,,,"A thin shirt made long ago. It's coming apart at the seams, but it's better than nothing. The sleeves are a bit on the short side.",15,,,,,,,Shrine - Resurrection,
Phantom Armor,Armor,Body,,,,,,8,,,,,Attack,"Myths abound about armored phantoms that terrorized brave heroes. This piece looks just like the armor they supposedly wore. If sold, this rare find can't be replaced.",,,,,,,,,
Radiant Shirt,Armor,Body,,,,,,3,5,8,12,20,Stal Lure,This shirt is sold at the Gerudo Secret Club. It glows with a strange pattern in the dark due to a dye made from crushed luminous stones.,200,Disguise and Bone Attack,"Luminous Stone x5, Bokoblin Guts x3","Luminous Stone x8, Moblin Guts x3","Luminous Stone x10, Molduga Guts x2","Luminous Stone x20, Lynel Guts x1","Luminous Stone,Bokoblin Guts,Moblin Guts,Molduga Guts,Lynel Guts",Gerudo Secret Club,
Rubber Armor,Armor,Body,,,,,,3,5,8,12,20,Shock Resist,"This armor has built-in electricity resistance thanks to its source material—an ancient marvel called ""rubber."" Such technology does not exist in this modern age.",600,Unshockable,Yellow Chuchu Jelly x3,"Yellow Chuchu Jelly x5, Voltfruit x5","Zapshroom x5, Yellow Lizalfos Tail x5","Yellow Lizalfos Tail x10, Topaz x10","Yellow Chuchu Jelly,Voltfruit,Zapshroom,Yellow Lizalfos Tail,Topaz",Shrine - Toh Yahsa,
Snowquill Tunic,Armor,Body,,,,,,3,5,8,12,20,Cold Resist,"Lined with molted Rito feathers, this tunic was made by Rito artisans for Hylians visiting cold climates. The feathers are stacked in each layer to retain body heat.",250,Unfreezable,Red Chuchu Jelly x3,"Red Chuchu Jelly x5, Warm Saffina x3","Fire Keese Wing x8, Sunshroom x5","Red Lizalfos Tail x10, Ruby x5","Red Chuchu Jelly,Warm Safflina,Fire Keese Wing,Sunshroom,Red Lizalfos Tail,Ruby",Rito Village,
Soldier's Armor,Armor,Body,,,,,,4,7,12,18,24,,"Hyrulean guards praised this armor for its superior defense. Made from sturdy plates of metal, the high level of craftsmanship that went into it is obvious with just a glance.",45,,"Chuchu Jelly x5, Bokoblin Guts x3","Keese Wing x5, Moblin Guts x3","Lizalfos Tail x5, Hinox Guts x3","Lynel Hoof x4, Lynel Guts x2","Chuchu Jelly,Bokoblin Guts,Keese Wing,Moblin Guts,Lizalfos Tail,Hinox Guts,Lynel Hoof,Lynel Guts",Hateno Village,
Stealth Chest Guard,Armor,Body,,,,,,2,4,6,9,16,Stealth,"Armor designed for stealth, passed down through the Sheikah tribe. The special fabrics suppress the rustling of clothes even when moving quickly.",175,Night Speed,Blue Nightshade x3,"Blue Nightshade x5, Sunset Firefly x5","Silent Shroom x8, Sneaky River Snail x5","Stealthfin Trout x10, Silent Princess x5","Blue Nightshade,Sunset Firefly,Silent Shroom,Sneaky River Snail,Stealthfin Trout,Silent Princess",Kakariko Village,
Tingle's Shirt,Armor,Body,,,,,,2,,,,,,"There was once a man who claimed to be the very reincarnation of a fairy. He tresured this shirt, and so will you. Kooloo-Limpah! If sold, this rare find can't be replaced.",,,,,,,,,
Tunic of the Hero,Armor,Body,,,,,,3,5,8,12,20,,"Legend has it this armor was once cherished by a hero from ancient times. Its design is rather simple, but it's such a traditional look.",125,Master Sword Beam,"Ruby x1, Star Fragment x1","Ruby x3, Star Fragment x2","Ruby x5, Star Fragment x3","Ruby x10, Star Fragment x4","Star Fragment,Ruby",Amiibo - 8-bit Link,
Tunic of Time,Armor,Body,,,,,,3,5,8,12,20,,"Legend has it this armor was once worn by a hero who traveled through time. Strangely, its special design is fitted for children and adults alike.",125,Master Sword Beam,"Amber x3, Star Fragment x1","Amber x5, Star Fragment x2","Amber x15, Star Fragment x3","Amber x30, Star Fragment x4",Star Fragment,Amiibo - Ocarina of Time,
Tunic of Twilight,Armor,Body,,,,,,3,5,8,12,20,,Legend has it this armor was once worn by a hero who battled the monsters of twilight. There still seems to be some hair clinging to it... Looks like it may be from a wolf?,125,Master Sword Beam,"Topaz x3, Star Fragment x1","Topaz x5, Star Fragment x2","Topaz x15, Star Fragment x3","Topaz x30, Star Fragment x4",Star Fragment,Amiibo - SSB Link ,
Tunic of the Wild,Armor,Body,,,,,,4,7,12,18,28,,"This armor was apparently crafted for a hero who travels the wilds. Strangely enough, it's just your size.",125,Master Sword Beam,"Acorn x10, Farosh's Scale x2","Courser Bee Honey x5, Farosh's Claw x2","Energetic Rhino Beetle x5, Farosh's Fang x2","Star Fragment x1, Farosh's Horn x2","Star Fragment,Acorn,Farosh's Scale,Courser Bee Honey,Farosh's Claw,Energetic Rhino Beetle,Shard of Farosh's Fang,Shard of Farosh's Horn",Find all 120 Shrines,
Tunic of the Wind,Armor,Body,,,,,,3,5,8,12,20,,Legend has it this armor was once cherished by a hero who sailed the Great Sea. It's said to have been a gift from his grandmother.,125,Master Sword Beam,"Opal x3, Star Fragment x1","Opal x5, Star Fragment x3","Opal x15, Star Fragment x3","Opal x30, Star Fragment x4",Star Fragment,Amiibo - Toon/WW Link,
Tunic of the Sky,Armor,Body,,,,,,3,5,8,12,20,,Legend has it this armor was once worn by a hero who appeared from the sky riding atop a mighty bird. Apparently it was presented to celebrate the completion of a ceremony.,125,Master Sword Beam,"Sapphire x1, Star Fragment x1","Sapphire x3, Star Fragment x2","Sapphire x5, Star Fragment x3","Sapphire x10, Star Fragment x4","Star Fragment,Sapphire",Amiibo -,
Warm Doublet,Armor,Body,,,,,,1,,,,,Cold Resist,A warm pullover typically worn by mountain folk. Its sturdy fabric and thick gloves are great at retaining body heat.,20,,,,,,,Old Man,
Zora Armor,Armor,Body,,,,,,3,5,8,12,20,Swim Speed,Custom armor painstakingly crafted by each generation's Zora princess for her future husband. Wearing it will give you the ability to swim up waterfalls.,,Swim Dash Stamina,Lizalfos Horn x3,"Lizalfos Talon x5, Hyrule Bass x5","Lizalfos Tail x3, Hearty Bass x5","Lizalfos Tail x10, Opal x15","Lizalfos Horn,Lizalfos Talon,Hyrule Bass,Lizalfos Tail,Hearty Bass,Opal",Chest in Toto Lake,
Amber Earrings,Armor,Head,,,,,,4,7,12,18,28,Heat Resist,"One of the items sold by the Gerudo jeweler. These earrings are made with amber, a gem that harnesses the power of the land to increase defense when equipped.",25,,"Amber x5, Flint x3",Amber x10 Flint x3,Amber x20 Flint x3,Amber x30 Flint x3,"Amber,Flint",Gerudo Secret Club,
Ancient Helm,Armor,Head,,,,,,4,7,12,18,28,Guardian Resist,This headgear is the result of Robbie's research. It uses Guardian parts to decrease damage from ancient energy attacks.,125,Ancient Proficiency,"Ancient Screw x5, Ancient Spring x5","Ancient Spring x15, Ancient Gear x10","Ancient Shaft x15, Ancient Core x5","Star Fragment x1, Giant Ancient Core x2","Ancient Screw,Ancient Spring",Akkala Ancient Tech Lab,
Barbarian Helm,Armor,Head,,,,,,3,4,8,12,20,Attack,"A helmet once worn by the warriors of an ancient warlike tribe from the Faron region. Wearing it draws out your inner animal, increasing your strength and battle prowess.",600,Charge Attack Stamina,Lynel Horn x1,"Lynel Horn x3, Lynel Hoof x2","Lynel Hoof x4, Lynel Guts x1","Lynel Guts x1, Shard of Dinraal's Horn x1","Lynel Horn,Lynel Guts,Lynel Hoof,Shard of Dinraal's Horn",Shrine - Tu Ka'loh,
Bokoblin Mask,Armor,Head,,,,,,3,,,,,Bokoblin Disguise,"Kilton's handmade Bokoblin headgear. It's almost charming in a cute, monstrous kind of way... Equip it to blend in with Bokoblins.",,,,,,,,Kilton's Shop,
Cap of the Hero,Armor,Head,,,,,,3,5,8,12,20,,"According to legend, this cap was once treasured by an ancient hero. It's quite the simple cap, yet there's something about it that's just so appealing...",125,Master Sword Beam,"Ruby x1, Star Fragment x1","Ruby x3, Star Fragment x2","Ruby x5, Star Fragment x3","Ruby x10, Star Fragment x4","Ruby,Star Fragment",Amiibo - 8-bit Link,
Cap of the Wild,Armor,Head,,,,,,4,7,12,18,28,,"According to legend, this cap was crafted for a hero who travels the wild lands. Wearing it just feels so right.",125,Master Sword Beam,"Acorn x10, Farosh's Scale x2","Courser Bee Honey x5, Farosh's Claw x2","Energetic Rhino Beetle x5, Farosh's Fang x2","Star Fragment x1, Farosh's Horn x2","Acorn,Farosh's Scale,Courser Bee Honey,Farosh's Claw,Energetic Rhino Beetle,Shard of Farosh's Fang,Star Fragment,Shard of Farosh's Horn",Find all 120 Shrines,
Cap of the Wind,Armor,Head,,,,,,3,5,8,12,20,,"According to legend, this cap was treasured by a hero who traveled the Great Sea. It flaps quite serenely in a soft sea breeze.",125,Master Sword Beam,"Opal x3, Star Fragment x1","Opal x5, Star Fragment x3","Opal x15, Star Fragment x3","Opal x30, Star Fragment x4","Opal,Star Fragment",Amiibo - Toon/WW Link,
Cap of the Sky,Armor,Head,,,,,,3,5,8,12,20,,"According to legend, this cap was once worn by a hero who appeared from the sky riding a mighty bird. Perfect for those who long to take to the skies.",125,Master Sword Beam,"Sapphire x1, Star Fragment x1","Sapphire x3, Star Fragment x2","Sapphire x5, Star Fragment x3","Sapphire x10, Star Framgnet x4","Sapphire,Star Fragment",Amiibo -,
Cap of Time,Armor,Head,,,,,,3,5,8,12,20,,"According to legend, this cap was once worn by a hero who traveled through time. A truly timeless item perfect for kids and adults alike!",125,Master Sword Beam,"Amber x3, Star Fragment x1","Amber x5, Star Fragment x2","Amber x15, Star Fragment x3","Amber x30, Star Fragment x4","Amber,Star Fragment",Amiibo - Ocarina of Time,
Cap of Twilight,Armor,Head,,,,,,3,5,8,12,20,,"According to legend, this cap was once worn by a hero who battled the monsters of twilight. For one reason or another, it seems to smell of some beast...",125,Master Sword Beam,"Topaz x3, Star Fragment x1","Topaz x5, Star Fragment x2","Topaz x15, Star Fragment x3","Topaz x30, Star Fragment x4","Topaz,Star Fragment",Amiibo - SSB Link ,
Climber's Bandanna,Armor,Head,,,,,,3,5,8,12,20,Climb Speed,"It may look like a regular bandanna, but it's actually infused with ancient technology that enhances core strength to improve your climbing ability.",600,Climb Stamina,"Keese Wing x3, Rushroom x3","Electric Keese Wing x5, Hightail Lizard x5","Ice Keese Wing x5, Hot-Footed Frog x10","Fire Keese Wing x5, Swift Violet x15","Keese Wing,Rushroom,Electric Keese Wing,Hightail Lizard,Ice Keese Wing,Hot-Footed Frog,Fire Keese Wing,Swift Violet",Shrine - Ree Dahee,
Dark Hood,Armor,Head,,,,,,3,,,,,,This headgear is the product of Kilton's monster research. He crafted it with a monster born from the shadows in mind. The eyes glow an eerie red in the dark.,9,Night Speed,,,,,,Kilton's Shop,
Desert Voe Headband,Armor,Head,,,,,,3,5,8,12,20,Heat Resist,"Gerudo armor for males. Contains sapphire, which harnesses the power of ice to make the heat more bearable.",115,Shock Resistance,White Chuchu Jelly x3,"White Chuchu Jelly x5, Ice Keese Wing x3","Ice Keese Wing x8, Icy Lizalfox Tail x3","Icy Lizalfos Tail x10, Sapphire x5","White Chuchu Jelly,Ice Keese Wing,Lizalfos Tail,Sapphire",Gerudo Secret Club,
Diamond Circlet,Armor,Head,,,,,,4,7,12,18,28,Guardian Resist,"A luxurious headpiece sold at Gerudo jewelry shops. It's decorated with a diamond, which harnesses the power of light to reduce damage received from ancient enemies.",375,,"Diamond x2, Flint x3","Diamond x4, Flint x3","Diamond x6, Star Fragment x1","Diamond x10, Star Fragment x1","Diamond,Flint,Star Fragment",Gerudo Secret Club,
Fierce Deity Mask,Armor,Head,,,,,,3,5,8,12,20,Attack,"Legends say this mask was once worn by a hero from a world in which the moon threatened to fall. It looks scary, but wearing it offers fierce, godlike power.",125,Charge Attack Stamina,"Hinox Toenail x5, Dinraal's Scale x1","Hinox Tooth x5, Dinraal's Claw x1","Hinox Guts x5, Shard of Dinraal's Fang x1","Lynel Guts x5, Shard of Dinraal's Horn x1","Hinox Toenail,Naydra's Scale,Hinox Tooth,Naydra's Claw,Hinox Guts,Shard of Naydra's Fang,Lynel Guts,Shard of Naydra's Horn",Amiibo -,
Flamebreaker Helm,Armor,Head,,,,,,3,5,8,12,20,Flame Guard,"Stone headgear made by Goron craftsmen to protect tourists visiting Goron City. As if its flame resistance isn't enough of a selling point, it also covers your entire head!",500,Fireproof,"Fireproof Lizard x1, Moblin Horn x2","Fireproof Lizard x3, Moblin Fang x4","Smotherwing Butterfly x3, Moblin Guts x3","Smotherwing Butterfly x5, Hinox Guts x2","Fireproof Lizard,Moblin Horn,Moblin Fang,Smotherwing Butterfly,Moblin Guts,Hinox Guts",Goron City,
Gerudo Veil,Armor,Head,,,,,,1,,,,,Gerudo Town Entry,"A mask worn by Gerudo women. It protects the skin from the harsh sun, but don't expect it to protect much in combat...",45,Heat Resist,,,,,,Tranny in Desert Oasis,
Hylian Hood,Armor,Head,,,,,,3,5,8,12,20,,A hood woven using traditional Hyrulean methods. It's made from a sturdy material to protect travelers from the harsh sun and weather.,15,,Bokoblin Horn x5,"Bokoblin Horn x8, Bokoblin Fang x5","Bokoblin Fang x10, Bokoblin Guts x5","Bokoblin Guts x15, Amber x15","Bokoblin Horn,Bokoblin Fang,Bokoblin Guts,Amber",Hateno Village,
Korok Mask,Armor,Head,,,,,,1,,,,,,"A mask inspired by those fun-loving Koroks. It shakes when one is hiding nearby. If sold, this rare find can't be replaced.",,,,,,,,,
Lizalfos Mask,Armor,Head,,,,,,3,,,,,Lizalfos Disguise,Kilton's handmade Lizalfos headgear. It's designed to replicate the unique tongue and horn of the Lizalfos. Equip it to blend in with Lizalfos.,,,,,,,,Kilton's Shop,
Lynel Mask,Armor,Head,,,,,,3,,,,,Lynel Disguise,"Kilton's handmade Lynel headgear. It's so well crafted, it can deceive a real Lynel. Equip it to blend in with Lynels, but don't linger too long. Those beasts are smart.",,,,,,,,Kilton's Shop,
Majora's Mask,Armor,Head,,,,,,1,,,,,,"An eerie mask passed down from ancient times. Wearing it makes it harder for certain enemies to spot you. If sold, this rare find can't be replaced.",,,,,,,,,
Midna's Helmet,Armor,Head,,,,,,7,,,,,Guardian Resist,"A helmet much like the one Midna wore when she fought alongside the Hero of Twilight. If sold, this rare find can't be replaced.",,,,,,,,,
Moblin Mask,Armor,Head,,,,,,3,,,,,Moblin Disguise,Kilton's handmade Moblin headgear. It's designed to replicate the Moblin's distinct long nose and large horn. Equip it to blend in with Moblins.,,,,,,,,Kilton's Shop,
Opal Earrings,Armor,Head,,,,,,3,5,8,12,20,Swim Speed,"Earrings sold at Gerudo jewelry shops. They contain opal, a gem that harnesses the power of water to increase your swimming speed.",40,,"Opal x5, Flint x3","Opal x8, Flint x3","Opal x16, Flint x3","Opal x20, Flint x3","Opal,Flint",Gerudo Secret Club,
Phantom Helmet,Armor,Head,,,,,,8,,,,,Attack,"Myths abound about armored phantoms that terrorized brave heroes. This helmet looks just like the ones they supposedly wore. If sold, this rare find can't be replaced.",,,,,,,,,
Radiant Mask,Armor,Head,,,,,,3,5,8,12,20,Stal Lure,"A special mask for members of the Gerudo Secret Club. Painted with dye made from crushed luminous stones, it gives off a lurid, mysterious glow in the dark.",200,Disguise and Bone Attack,"Luminous Stone x5, Bokoblin Guts x3","Luminous Stone x8, Moblin Guts x3","Luminous Stone x10, Molduga Guts x2","Luminous Stone x20, Lynel Guts x1","Luminous Stone,Bokoblin Guts,Moblin Guts,Molduga Guts,Lynel Guts",Gerudo Secret Club,
Ruby Circlet,Armor,Head,,,,,,3,5,8,12,20,Cold Resist,"A headpiece made by Gerudo craft workers. It's set with a ruby, a gem that harnesses the power of fire to make cold climates more bearable.",125,,"Ruby x2, Flint x3","Ruby x4, Flint x3","Ruby x6, Star Fragment x1","Ruby x10, Star Fragment x1","Ruby,Flint,Star Fragment",Gerudo Secret Club,
Rubber Helm,Armor,Head,,,,,,3,5,8,12,20,Shock Resist,"A helmet made from ancient techniques and electricity-resistant material. It's made from something called ""rubber,"" a material that can no longer be found.",600,Unshockable,Yellow Chuchu Jelly x3,"Yellow Chuchu Jelly x5, Voltfruit x5","Zapshroom x5, Yellow Lizalfos Tail x5","Yellow Lizalfos Tail x10, Topaz x10","Yellow Chuchu Jelly,Voltfruit,Zapshroom,Yellow Lizalfos Tail,Topaz",Quest - Thunder Magnet,
Sapphire Circlet,Armor,Head,,,,,,3,5,8,12,20,Heat Resist,"An intricate headpiece crafted with Gerudo goldsmith techniques. It's set with a sapphire, a gem that harnesses the power of ice to make hot climates more tolerable.",150,,"Sapphire x2, Flint x3","Sapphire x4, Flint x3","Sapphire x6, Star Fragment x1","Sapphire x10, Star Fragment x1","Sapphire,Flint,Star Fragment",Gerudo Secret Club,
Sheik's Mask,Armor,Head,,,,,,2,4,6,9,16,Stealth,"A mask said to have been worn by a Sheikah who saved a time-traveling hero. Made from the finest of Sheikah stealth fabrics, it is the final word in undercover gear.",125,,"Silent Princess x1, Star Fragment x1","Silent Princess x2, Star Fragment x2","Silent Princess x3, Star Fragment x3","Silent Princess x4, Star Fragment x4","Silent Princess,Star Fragment",Amiibo - Sheik,
Snowquill Headdress,Armor,Head,,,,,,3,5,8,12,20,Cold Resist,"A Rito accessory made from snow-bird feathers. It's adorned with a ruby, a gem that harnesses the power of fire to make cold climates more tolerable.",250,Unfreezable,Red Chuchu Jelly x3,"Red Chuchu Jelly x5, Warm Saffina x3","Fire Keese Wing x8, Sunshroom x5","Red Lizalfos Tail x10, Ruby x5","Red Chuchu Jelly,Warm Safflina,Fire Keese Wing,Sunshroom,Red Lizalfos Tail,Ruby",Rito Village,
Soldier's Helm,Armor,Head,,,,,,4,7,12,18,28,,"Headgear made from sturdy metals for frontline soldiers. Praised for their defensive capabilities, the only helms that remain are those that survived the Calamity.",50,,"Chuchu Jelly x5, Bokoblin Guts x3","Keese Wing x3, Moblin Guts x3","Lizalfos Tail x3, Hinox Guts x1","Lynel Hoof x2, Lynel Guts x2","Chuchu Jelly,Bokoblin Guts,Keese Wing,Moblin Guts,Lizalfos Tail,Hinox Guts,Lynel Hoof,Lynel Guts",Hateno Village,
Stealth Mask,Armor,Head,,,,,,2,4,6,9,16,Stealth,"It may look like a regular cloth mask, but it was made using Sheikah crafting techniques to suppress the noisy rustling of clothes. Perfect for sneaking about.",125,,Blue Nightshade x3,"Blue Nightshade x5, Sunset Firefly x5","Silent Shroom x8, Sneaky River Snail x5","Stealthfin Trout x10, Silent Princess x5","Blue Nightshade,Sunset Firefly,Silent Shroom,Sneaky River Snail,Stealthfin Trout,Silent Princess",Kakariko Village,
Thunder Helm,Armor,Head,,,,,,3,,,,,Lightning Proof,A precious heirloom passed down among the Gerudo. It deflects lightning strikes and is traditionally worn only by the Gerudo chief.,,,,,,,,Quest - Thunder Helm Side,
Tingle's Hood,Armor,Head,,,,,,2,,,,,,"There was once a man who claimed to be the very reincarnation of a fairy. He treasured this hood, and so will you. Kooloo-Limpah! If sold, this rare find can't be replaced.",,,,,,,,,
Topaz Earrings,Armor,Head,,,,,,3,5,8,12,18,Shock Resist,"Earrings made by Gerudo craft workers. They're made with topaz, a gem that harnesses the power of lightning to increase electricity resistance.",100,,"Topaz x2, Flint x3","Topaz x4, Flint x3","Topaz x6, Star Fragment x1","Topaz x10, Star Fragment x1","Star Fragment,Topaz,Flint",Gerudo Secret Club,
Zora Helm,Armor,Head,,,,,,3,5,8,12,20,Swim Speed,Zora headgear made from dragon scales. Increases swimming speed and allows you to use Spin Attack.,,Swim Dash Stamina,Lizalfos Horn x3,"Lizalfos Talon x5, Hyrule Bass x5","Lizalfos Tail x5, Hearty Bass x5","Lizalfos Tail x10, Opal x15","Lizalfos Horn,Lizalfos Talon,Hyrule Bass,Lizalfos Tail,Hearty Bass,Opal",Chest in Toto Lake,
Ancient Greaves,Armor,Leg,,,,,,4,7,12,18,28,Guardian Resist,Robbie engineered these greaves at the research institute using the same technology found in Guardian automata. They reduce damage from ancient weaponry.,125,Ancient Proficiency,"Ancient Screw x5, Ancient Spring x5","Ancient Spring x15, Ancient Gear x10","Ancient Shaft x15, Ancient Core x5","Star Fragment x1, Ancient Core x2","Ancient Screw,Ancient Spring",Akkala Ancient Tech Lab,
Barbarian Leg Wraps,Armor,Leg,,,,,,3,4,8,12,20,Attack,These leg wraps were favored by a warlike tribe from the Faron region long ago. They're adorned with traditional markings that bolster your fighting spirit to raise your attack power.,600,Charge Attack Stamina,Lynel Horn x1,"Lynel Horn x3, Lynel Hoof x2","Lynel Hoof x4, Lynel Guts x1","Lynel Guts x2, Shard of Dinraal's Horn x1","Lynel Horn,Lynel Guts,Lynel Hoof,Shard of Dinraal's Horn",Shrine - Tu Ka'loh,
Climbing Boots,Armor,Leg,,,,,,3,5,8,12,20,Climb Speed,These rock-climbing boots have special no-slip toes that help you cling to walls. This ancient technology facilitates more nimble climbing.,600,Climb Stamina,"Keese Wing x3, Rushroom x3","Electric Keese Wing x5, Hightail Lizard x5","Ice Keese Wing x5, Hot-Footed Frog x10","Fire Keese Wing x5, Swift Violet x15","Keese Wing,Rushroom,Electric Keese Wing,Hightail Lizard,Ice Keese Wing,Hot-Footed Frog,Fire Keese Wing,Swift Violet",Shrine - Tahno O'ah,
Dark Trousers,Armor,Leg,,,,,,3,,,,,,"The result of Kilton's research into monsters. Looks like your average leg wear at first, but these were created based on the image of a monster born of darkness.",9,Night Speed,,,,,,Kilton's Shop,
Desert Voe Trousers,Armor,Leg,,,,,,3,5,8,12,20,Heat Resist,"Gerudo-made trousers for men sold rarely by Gerudo retailers. Sapphire is used in their creation, which harnesses the power of ice to make the heat more tolerable.",165,Shock Resist,White Chuchu Jelly x3,"White Chuchu Jelly x5, Ice keese Wing x3","Ice Keese Wing x8, Icy Lizalfos Tail x3 ","Icy Lizalfos Tail x10, Sapphire x5","White Chuchu Jelly,Ice Keese Wing,Lizalfos Tail,Sapphire",GSC or Tarrey Town,
Fierce Deity Boots,Armor,Leg,,,,,,3,5,8,12,20,Attack,"According to legend, these boots were once worn by a hero from a world in which the moon threatened to fall. Wearing them provides godlike power.",125,Charge Attack Stamina,"Hinox Toenail x5, Farosh's Scale x1","Hinox Tooth x5, Farosh's Claw x1","Hinox Guts x5, Shard of Farosh's Fang x1","Lynel Guts x5, Shard of Farosh's Horn  x1","Hinox Toenail,Naydra's Scale,Hinox Tooth,Naydra's Claw,Hinox Guts,Shard of Naydra's Fang,Lynel Guts,Shard of Naydra's Horn",Amiibo -,
Flamebreaker Boots,Armor,Leg,,,,,,3,5,8,12,20,Flame Guard,Goron artisans used flame-resistant rocks to craft these fireproof boots for curious Hylians visiting Goron City.,175,Fireproof,"Fireproof Lizard x1, Moblin Horn x2","Fireproof Lizard x3, Moblin Fang x4","Smotherwing Butterfly x3, Moblin Guts x3","Smotherwing Butterfly x5, Hinox Guts x2","Fireproof Lizard,Moblin Horn,Moblin Fang,Smotherwing Butterfly,Moblin Guts,Hinox Guts",Goron City,
Gerudo Sirwal,Armor,Leg,,,,,,3,,,,,Gerudo Town Entry,"Gerudo favor this traditional sirwal. Its short length allows for ease of movement, and its subtle design is quite fashionable.",45,Heat Resist,,,,,,Tranny in Desert Oasis,
Hylian Trousers,Armor,Leg,,,,,,3,5,8,12,20,,"Traditional dress trousers of Hyrule. The plush fabric makes these trousers quite comfortable, and their high durability makes them ideal for travelers.",25,,Bokoblin Horn x5,"Bokoblin Horn x8, Bokoblin Fang x5","Bokoblin Fang x10, Bokoblin Guts x5","Bokoblin Guts x15, Amber x15","Bokoblin Horn,Bokoblin Fang,Bokoblin Guts,Amber",Hateno Village,
Phantom Greaves,Armor,Leg,,,,,,8,,,,,Attack,"Myths abound about armored phantoms that terrorized brave heroes. These greaves looks just like the ones they supposedly wore. If sold, this rare find can't be replaced.",,,,,,,,,
Radiant Tights,Armor,Leg,,,,,,3,5,8,12,20,Stal Lure,"These tights are sold in the Gerudo Secret Club. They're painted with dye from crushed luminous stones, which gives them an eerie glow in the dark.",200,Disguise and Bone Attack,"Luminous Stone x5, Bokoblin Guts x3","Luminous Stone x8, Moblin Guts x3","Luminous Stone x10, Molduga Guts x2","Luminous Stone x20, Lynel Guts x1","Luminous Stone,Bokoblin Guts,Moblin Guts,Molduga Guts,Lynel Guts",Gerudo Secret Club,
Rubber Tights,Armor,Leg,,,,,,3,5,8,12,20,Shock Resist,"These invaluable tights are resistant to electricity. They're made with something called ""rubber,"" an ancient technology that no longer exists in this modern age.",600,Unshockable,Yellow Chuchu Jelly x3,"Yellow Chuchu Jelly x5, Voltfruit x5","Zapshroom x5, Yellow Lizalfos Tail x5","Yellow Lizalfos Tail x10, Topaz x10","Yellow Chuchu Jelly,Voltfruit,Zapshroom,Yellow Lizalfos Tail,Topaz",Shrine - Qukah Nata,
Sand Boots,Armor,Leg,,,,,,3,5,8,12,20,Sand Speed,Gerudo artisans modified these boots for life in the desert. The special soles distribute your body weight evenly so you can maintain your normal movement speed on sand.,200,,"Molduga Fin x5, Hightail Lizard x10","Molduga Fin x10, Swift Carrot x10","Molduga Guts x3, Rushroom x15","Molduga Guts x5, Swift Violet x15","Molduga Fin,Hightail Lizard,Swift Carrot,Molduga Guts,Rushroom,Swift Violet",Quest - The Eight Heroine,
Snow Boots,Armor,Leg,,,,,,3,5,8,12,20,Snow Speed,Bozai was kind enough to lend you these boots. They evenly distribute your body weight so you can maintain your normal walking speed over deep snow.,200,,"Octorok Tentacle x5, Hightail Lizard x10","Octo Balloon x5, Swift Carrot x10","Octorok Eyeball x5, Rushroom x15","Naydra's Scale x5, Swift Violet x15","Octorok Tentacle,Hightail Lizard,Octo Balloon,Swift Carrot,Octorok Eyeball,Rushroom,Naydra's Scale,Swift Violet",Quest - The Forgotten Sword,
Snowquill Trousers,Armor,Leg,,,,,,3,5,8,12,20,Cold Resist,"The Rito sell these trousers to Hylians in Rito Village. The inside is lined with Rito feathers, so they excel at retaining body heat.",140,Unfreezable,Red Chuchu Jelly x3,"Red Chuchu Jelly x5, Warm Saffina x3","Fire Keese Wing x8, Sunshroom x5","Red Lizalfos Tail x10, Ruby x5","Red Chuchu Jelly,Warm Safflina,Fire Keese Wing,Sunshroom,Red Lizalfos Tail,Ruby",Rito Village,
Soldier's Greaves,Armor,Leg,,,,,,4,7,12,18,28,,"Hyrulean guards favored these greaves. They owe their distinctly high defense to the metal plates they're made from, but the added weight takes some getting used to.",65,,"Chuchu Jelly x5, Bokoblin Guts x3","Keese Wing x3, Moblin Guts x3","Lizalfos Tail x3, Hinox Guts x1","Lynel Hoof x2, Lynel Guts x2","Chuchu Jelly,Bokoblin Guts,Keese Wing,Moblin Guts,Lizalfos Tail,Hinox Guts,Lynel Hoof,Lynel Guts",Hateno Village,
Stealth Tights,Armor,Leg,,,,,,2,4,6,9,16,Stealth,"Members of the Sheikah tribe wear these tights when they need to move stealthily. They're made from noise-suppressing cloth, a hallmark of ancient Sheikah technology.",150,Night Speed,Blue Nightshade x3,"Blue Nightshade x5, Sunset Firefly x5","Silent Shroom x8, Sneaky River Snail x5","Stealthfin Trout x10, Silent Princess x5","Blue Nightshade,Sunset Firefly,Silent Shroom,Sneaky River Snail,Stealthfin Trout,Silent Princess",Kakariko Village,
Tingle's Tights,Armor,Leg,,,,,,2,,,,,,"There was once a man who claimed to be the very reincarnation of a fairy. He tresured these tights, and so will you. Kooloo-Limpah! If sold, this rare find can't be replaced.",,,,,,,,,
Trousers of the Hero,Armor,Leg,,,,,,3,5,8,12,20,,"Legends say these trousers were favored by a hero from an ancient age. Their simple design is a rare aesthetic these days, but there's something classic about them.",125,Master Sword Beam,"Ruby x1, Star Fragment x1","Ruby x3, Star Fragment x2","Ruby x5, Star Fragment x3","Ruby x10, Star Fragment x4","Star Fragment,Ruby",Amiibo - 8-bit Link,
Trousers of Time,Armor,Leg,,,,,,3,5,8,12,20,,Legends say these trousers were once worn by a hero who traveled through time. They were originally made by people who made their home in the forest.,125,Master Sword Beam,"Amber x3, Star Fragment x1","Amber x5, Star Fragment x2","Amber x15, Star Fragment x3","Amber x30, Star Fragment x4","Star Fragment,Amber",Amiibo - Ocarina of Time,
Trousers of Twilight,Armor,Leg,,,,,,3,5,8,12,20,,Legends say these trousers were once worn by a hero who battled the beasts of twilight. The insides are lined with cozy wolf fur.,125,Master Sword Beam,"Topaz x3, Star Fragment x1","Topaz x5, Star Fragment x2","Topaz x15, Star Fragment x3","Topaz x30, Star Fragment x4","Star Fragment,Topaz",Amiibo - SSB Link ,
Trousers of the Wild,Armor,Leg,,,,,,4,7,12,18,28,,"Legends says these pants were tailored for a hero who travels the wilderness. Strangely enough, they're the most comfortable pair of pants you've ever worn.",125,Master Sword Beam,"Acorn x10, Farosh's Scale x2","Courser Bee Honey x5, Farosh's Claw x2","Energetic Rhino Beetle x5, Farosh's Fang x2","Star Fragment x1, Farosh's Horn x2","Star Fragment,Acorn,Farosh's Scale,Courser Bee Honey,Farosh's Claw,Bladed Rhino Beetle,Energetic Rhino Beetle,Shard of Farosh's Horn,Shard of Farosh's Fang",Find all 120 Shrines,
Trousers of the Wind,Armor,Leg,,,,,,3,5,8,12,20,,"Legends say these trousers were cherished by a hero who sailed the Great Sea. They're water-resistant, naturally.",125,Master Sword Beam,"Opal x3, Star Fragment x1","Opal x5, Star Fragment x3","Opal x15, Star Fragment x3","Opal x30, Star Fragment x4","Star Fragment,Opal",Amiibo - Toon/WW Link,
Trousers of the Sky,Armor,Leg,,,,,,3,5,8,12,20,,Legends say these trousers were once worn by a hero who appeared from the sky riding a mighty bird. It was the official garb of a certain order of knights.,125,Master Sword Beam,"Sapphire x1, Star Fragment x1","Sapphire x3, Star Fragment x2","Sapphire x5, Star Fragment x3","Sapphire x10, Star Fragment x4","Star Fragment,Sapphire",Amiibo -,
Well-Worn Trousers,Armor,Leg,,,,,,1,,,,,,"These old trousers are threadbare in spots, but they're surprisingly comfortable. The legs are a bit too short, though.",15,,,,,,,Shrine - Resurrection,
Zora Greaves,Armor,Leg,,,,,,3,5,8,12,20,Swim Speed,These greaves have been passed down among the Zora for generations. It's been said they're crafted using dragon scales. Equip them to swim faster.,,Swim Dash Stamina,Lizalfos Horn x3,"Lizalfos Talon x5, Hyrule Bass x5","Lizalfos Tail x3, Hearty Bass x5","Lizalfos Tail x10, Opal x15","Lizalfos Horn,Lizalfos Talon,Hyrule Bass,Lizalfos Tail,Hearty Bass,Opal",Chest in Toto Lake,
